0,0
0.01,0
0.02,0
0.03,0
0.04,0
0.05,0
0.06,0
0.07000000000000001,0
0.08,0
0.09,0
0.1,0
0.11,0
0.12,0
0.13,0
0.14,0
0.15,0
0.16,0
0.17,0
0.18,0
0.19,0
0.2,1.250000100000079
0.21,1.300000400000044
0.22,1.350000899999941
0.23,1.400001599999996
0.24,1.450002499999982
0.25,1.5000035999999
0.26,1.550004899999976
0.27,1.600006399999984
0.28,1.650008099999923
0.29,1.700009999999793
0.3,1.750012100000049
0.31,1.800014400000009
0.32,1.8500168999999
0.33,1.900019599999951
0.34,1.950022499999932
0.35,2.000025599999844
0.36,2.050028899999916
0.37,2.100032399999918
0.38,2.150036099999852
0.39,2.200039999999944
0.4,2.250044099999968
0.41,2.300048399999923
0.42,2.350052900000037
0.43,2.400057600000082
0.44,2.450062499999831
0.45,2.500067599999966
0.46,2.550072899999805
0.47,2.600078400000029
0.48,2.650084099999958
0.49,2.700089999999818
0.5,2.750096099999837
0.51,2.800102400000014
0.52,2.850108899999896
0.53,2.900115599999936
0.54,2.950122499999907
0.55,3.000129600000037
0.5600000000000001,3.05013689999987
0.5700000000000001,3.100144399999863
0.58,3.150152099999787
0.59,3.200159999999869
0.6,3.250168099999883
0.61,3.300176399999827
0.62,3.350184899999931
0.63,3.400193599999966
0.64,3.450202499999932
0.65,3.500211600000057
0.66,3.550220899999886
0.67,3.600230399999873
0.68,3.650240099999792
0.6900000000000001,3.700249999999869
0.7000000000000001,3.750260099999878
0.71,3.800270400000045
0.72,3.850280899999916
0.73,3.900291599999946
0.74,3.950302499999907
0.75,4.000313600000027
0.76,4.05032489999985
0.77,4.100336399999833
0.78,4.150348099999974
0.79,4.200359999999819
0.8,4.25037210000005
0.8100000000000001,4.300384399999984
0.8200000000000001,4.350396899999851
0.8300000000000001,4.400409599999875
0.84,4.450422500000059
0.85,4.500435599999946
0.86,4.550448899999992
0.87,4.600462399999969
0.88,4.650476099999878
0.89,4.700489999999945
0.9,4.750504099999944
0.91,4.800518399999874
0.92,4.850532899999962
0.93,4.900547599999982
0.9400000000000001,4.950562499999933
0.9500000000000001,5.000577599999815
0.96,5.050592900000083
0.97,5.100608399999828
0.98,5.150624099999959
0.99,5.200640000000021
1,5.250656099999787
1.01,5.300672399999939
1.02,5.350688899999795
1.03,5.400705600000038
1.04,5.450722499999983
1.05,5.500739599999861
1.06,5.550756899999897
1.07,5.600774399999864
1.08,5.650792099999762
1.09,5.700809999999819
1.1,5.750828100000035
1.11,5.800846399999955
1.12,5.850864899999806
1.13,5.900883600000043
1.14,5.950902499999984
1.15,6.000921599999856
1.16,6.050940899999887
1.17,6.100960399999849
1.18,6.15098009999997
1.19,6.200999999999794
1.2,6.251020100000005
1.21,6.30104039999992
1.22,6.351060899999766
1.23,6.40108159999977
1.24,6.451102499999934
1.25,6.501123599999801
1.26,6.551144899999827
1.27,6.601166400000011
1.28,6.651188099999899
1.29,6.701209999999946
1.3,6.751232099999925
1.31,6.801254400000062
1.32,6.851276899999903
1.33,6.901299599999902
1.34,6.95132250000006
1.35,7.001345599999922
1.36,7.051368899999943
1.37,7.101392399999895
1.38,7.151416100000006
1.39,7.201440000000048
1.4,7.251464100000021
1.41,7.301488399999926
1.42,7.351512899999989
1.43,7.401537599999983
1.44,7.451562499999909
1.45,7.501587599999766
1.46,7.551612900000009
1.47,7.601638399999956
1.48,7.651664099999834
1.49,7.701689999999871
1.5,7.751716100000067
1.51,7.801742399999966
1.52,7.851768899999797
1.53,7.901795599999787
1.54,7.951822499999935
1.55,8.001849600000014
1.56,8.051876899999797
1.57,8.101904399999967
1.58,8.15193209999984
1.59,8.201959999999872
1.6,8.251988099999835
1.61,8.302016399999957
1.62,8.35204490000001
1.63,8.402073599999994
1.64,8.45210249999991
1.65,8.502131599999984
1.66,8.552160899999762
1.67,8.602190399999927
1.68,8.652220099999795
1.69,8.702249999999822
1.7,8.75228009999978
1.71,8.802310399999897
1.72,8.852340899999945
1.73,8.902371599999924
1.74,8.952402499999835
1.75,9.002433599999904
1.76,9.052464899999904
1.77,9.102496399999836
1.78,9.152528099999927
1.79,9.202559999999949
1.8,9.252592099999902
1.81,9.302624400000013
1.82,9.352656899999829
1.83,9.402689599999803
1.84,9.452722499999936
1.85,9.502755599999773
1.86,9.552788899999769
1.87,9.602822399999923
1.88,9.652856100000008
1.89,9.702890000000025
1.9,9.752924099999746
1.91,9.802958399999852
1.92,9.85299289999989
1.93,9.903027599999859
1.94,9.953062499999987
1.95,10.00309759999982
1.96,10.05313289999981
1.97,10.10316839999996
1.98,10.15320409999981
1.99,10.20323999999982
2,8.948147977283725
2.01,8.896558178707892
2.02,8.845117624917748
2.03,8.793826312905139
2.04,8.742684239676919
2.05,8.691691402253809
2.06,8.640847797671768
2.07,8.590153422981302
2.08,8.539608275247474
2.09,8.489212351550123
2.1,8.438965648984549
2.11,8.388868164659698
2.12,8.338919895700656
2.13,8.289120839246152
2.14,8.239470992450833
2.15,8.18997035248367
2.16,8.140618916528865
2.17,8.091416681785631
2.18,8.042363645468185
2.19,7.993459804805752
2.2,7.944705157043018
2.21,7.896099699439219
2.22,7.847643429268828
2.23,7.799336343822461
2.24,7.751178440404829
2.25,7.703169716336561
2.26,7.65531016895352
2.27,7.607599795606575
2.28,7.560038593662739
2.29,7.51262656050335
2.3,7.465363693526569
2.31,7.418249990144886
2.32,7.371285447787159
2.33,7.324470063897252
2.34,7.277803835935174
2.35,7.231286761376168
2.36,7.184918837711393
2.37,7.138700062448152
2.38,7.092630433108525
2.39,7.046709947231648
2.4,7.000938602371662
2.41,6.955316396099306
2.42,6.909843326000782
2.43,6.864519389678662
2.44,6.819344584751207
2.45,6.774318908853274
2.46,6.729442359635868
2.47,6.68471493476568
2.48,6.640136631926453
2.49,6.59570744881762
2.5,6.551427383155215
2.51,6.507296432671865
2.52,6.463314595116344
2.53,6.419481868254479
2.54,6.37579824986824
2.55,6.332263737756421
2.56,6.288878329734416
2.57,6.245642023634673
2.58,6.202554817306009
2.59,6.159616708614749
2.6,6.116827695443362
2.61,6.07418777569228
2.62,6.031696947278078
2.63,5.989355208134839
2.64,5.94716255621438
2.65,5.905118989484663
2.66,5.863224505932067
2.67,5.821479103559795
2.68,5.779882780388107
2.69,5.738435534455903
2.7,5.697137363818911
2.71,5.655988266550366
2.72,5.61498824074215
2.73,5.57413728450274
2.74,5.533435395959486
2.75,5.492882573257248
2.76,5.452478814559299
2.77,5.412224118046424
2.78,5.372118481918051
2.79,5.332161904391796
2.8,5.332161904391796
2.81,5.332161904391796
2.82,5.332161904391796
2.83,5.332161904391796
2.84,5.332161904391796
2.85,5.332161904391796
2.86,5.332161904391796
2.87,5.332161904391796
2.88,5.332161904391796
2.89,5.332161904391796
2.9,5.332161904391796
2.91,5.332161904391796
2.92,5.332161904391796
2.93,5.332161904391796
2.94,5.332161904391796
2.95,5.332161904391796
2.96,5.332161904391796
2.97,5.332161904391796
2.98,5.332161904391796
2.99,5.332161904391796
3,5.332161904391796
3.01,5.332161904391796
3.02,5.332161904391796
3.03,5.332161904391796
3.04,5.332161904391796
3.05,5.332161904391796
3.06,5.332161904391796
3.07,5.332161904391796
3.08,5.332161904391796
3.09,5.332161904391796
3.1,5.332161904391796
3.11,5.332161904391796
3.12,5.332161904391796
3.13,5.332161904391796
3.14,5.332161904391796
3.15,5.332161904391796
3.16,5.332161904391796
3.17,5.332161904391796
3.18,5.332161904391796
3.19,5.332161904391796
3.2,5.332161904391796
3.21,5.332161904391796
3.22,5.332161904391796
3.23,5.332161904391796
3.24,5.332161904391796
3.25,5.332161904391796
3.26,5.332161904391796
3.27,5.332161904391796
3.28,5.332161904391796
3.29,5.332161904391796
3.3,5.332161904391796
3.31,5.332161904391796
3.32,5.332161904391796
3.33,5.332161904391796
3.34,5.332161904391796
3.35,5.332161904391796
3.36,5.332161904391796
3.37,5.332161904391796
3.38,5.332161904391796
3.39,5.332161904391796
3.4,5.332161904391796
3.41,5.332161904391796
3.42,5.332161904391796
3.43,5.332161904391796
3.44,5.332161904391796
3.45,5.332161904391796
3.46,5.332161904391796
3.47,5.332161904391796
3.48,5.332161904391796
3.49,5.332161904391796
3.5,5.332161904391796
3.51,5.332161904391796
3.52,5.332161904391796
3.53,5.332161904391796
3.54,5.332161904391796
3.55,5.332161904391796
3.56,5.332161904391796
3.57,5.332161904391796
3.58,5.332161904391796
3.59,5.332161904391796
3.6,5.332161904391796
3.61,5.332161904391796
3.62,5.332161904391796
3.63,5.332161904391796
3.64,5.332161904391796
3.65,5.332161904391796
3.66,5.332161904391796
3.67,5.332161904391796
3.68,5.332161904391796
3.69,5.332161904391796
3.7,5.332161904391796
3.71,5.332161904391796
3.72,5.332161904391796
3.73,5.332161904391796
3.74,5.332161904391796
3.75,5.332161904391796
3.76,5.332161904391796
3.77,5.332161904391796
3.78,5.332161904391796
3.79,5.332161904391796
3.8,5.332161904391796
3.81,5.332161904391796
3.82,5.332161904391796
3.83,5.332161904391796
3.84,5.332161904391796
3.85,5.332161904391796
3.86,5.332161904391796
3.87,5.332161904391796
3.88,5.332161904391796
3.89,5.332161904391796
3.9,5.332161904391796
3.91,5.332161904391796
3.92,5.332161904391796
3.93,5.332161904391796
3.94,5.332161904391796
3.95,5.332161904391796
3.96,5.332161904391796
3.97,5.332161904391796
3.98,5.332161904391796
3.99,5.332161904391796
4,5.332161904391796
4.01,5.332161904391796
4.02,5.332161904391796
4.03,5.332161904391796
4.04,5.332161904391796
4.05,5.332161904391796
4.06,5.332161904391796
4.07,5.332161904391796
4.08,5.332161904391796
4.09,5.332161904391796
4.1,5.332161904391796
4.11,5.332161904391796
4.12,5.332161904391796
4.13,5.332161904391796
4.14,5.332161904391796
4.15,5.332161904391796
4.16,5.332161904391796
4.17,5.332161904391796
4.18,5.332161904391796
4.19,5.332161904391796
4.2,5.332161904391796
4.21,5.332161904391796
4.22,5.332161904391796
4.23,5.332161904391796
4.24,5.332161904391796
4.25,5.332161904391796
4.26,5.332161904391796
4.27,5.332161904391796
4.28,5.332161904391796
4.29,5.332161904391796
4.3,5.332161904391796
4.31,5.332161904391796
4.32,5.332161904391796
4.33,5.332161904391796
4.34,5.332161904391796
4.350000000000001,5.332161904391796
4.36,5.332161904391796
4.37,5.332161904391796
4.38,5.332161904391796
4.39,5.332161904391796
4.4,5.332161904391796
4.41,5.332161904391796
4.42,5.332161904391796
4.43,5.332161904391796
4.44,5.332161904391796
4.45,5.332161904391796
4.46,5.332161904391796
4.47,5.332161904391796
4.48,5.332161904391796
4.49,5.332161904391796
4.5,5.332161904391796
4.51,5.332161904391796
4.52,5.332161904391796
4.53,5.332161904391796
4.54,5.332161904391796
4.55,5.332161904391796
4.56,5.332161904391796
4.57,5.332161904391796
4.58,5.332161904391796
4.59,5.332161904391796
4.600000000000001,5.332161904391796
4.61,5.332161904391796
4.62,5.332161904391796
4.63,5.332161904391796
4.64,5.332161904391796
4.65,5.332161904391796
4.66,5.332161904391796
4.67,5.332161904391796
4.68,5.332161904391796
4.69,5.332161904391796
4.7,5.332161904391796
4.71,5.332161904391796
4.72,5.332161904391796
4.73,5.332161904391796
4.74,5.332161904391796
4.75,5.332161904391796
4.76,5.332161904391796
4.77,5.332161904391796
4.78,5.332161904391796
4.79,5.332161904391796
4.8,5.332161904391796
4.81,5.332161904391796
4.82,5.332161904391796
4.83,5.332161904391796
4.84,5.332161904391796
4.850000000000001,5.332161904391796
4.86,5.332161904391796
4.87,5.332161904391796
4.88,5.332161904391796
4.89,5.332161904391796
4.9,5.332161904391796
4.91,5.332161904391796
4.92,5.332161904391796
4.93,5.332161904391796
4.94,5.332161904391796
4.95,5.332161904391796
4.96,5.332161904391796
4.97,5.332161904391796
4.98,5.332161904391796
4.99,5.332161904391796
5,5.332161904391796
5.01,5.332161904391796
5.02,5.332161904391796
5.03,5.332161904391796
5.04,5.332161904391796
5.05,5.332161904391796
5.06,5.332161904391796
5.07,5.332161904391796
5.08,5.332161904391796
5.09,5.332161904391796
5.100000000000001,5.332161904391796
5.11,5.332161904391796
5.12,5.332161904391796
5.13,5.332161904391796
5.14,5.332161904391796
5.15,5.332161904391796
5.16,5.332161904391796
5.17,5.332161904391796
5.18,5.332161904391796
5.19,5.332161904391796
5.2,5.332161904391796
5.21,5.332161904391796
5.22,5.332161904391796
5.23,5.332161904391796
5.24,5.332161904391796
5.25,5.332161904391796
5.26,5.332161904391796
5.27,5.332161904391796
5.28,5.332161904391796
5.29,5.332161904391796
5.3,5.332161904391796
5.31,5.332161904391796
5.32,5.332161904391796
5.33,5.332161904391796
5.34,5.332161904391796
5.350000000000001,5.332161904391796
5.36,5.332161904391796
5.37,5.332161904391796
5.38,5.332161904391796
5.39,5.332161904391796
5.4,5.332161904391796
5.41,5.332161904391796
5.42,5.332161904391796
5.43,5.332161904391796
5.44,5.332161904391796
5.45,5.332161904391796
5.46,5.332161904391796
5.47,5.332161904391796
5.48,5.332161904391796
5.49,5.332161904391796
5.5,5.332161904391796
5.51,5.332161904391796
5.52,5.332161904391796
5.53,5.332161904391796
5.54,5.332161904391796
5.55,5.332161904391796
5.56,5.332161904391796
5.57,5.332161904391796
5.58,5.332161904391796
5.59,5.332161904391796
5.600000000000001,5.332161904391796
5.61,5.332161904391796
5.62,5.332161904391796
5.63,5.332161904391796
5.64,5.332161904391796
5.65,5.332161904391796
5.66,5.332161904391796
5.67,5.332161904391796
5.68,5.332161904391796
5.69,5.332161904391796
5.7,5.332161904391796
5.71,5.332161904391796
5.72,5.332161904391796
5.73,5.332161904391796
5.74,5.332161904391796
5.75,5.332161904391796
5.76,5.332161904391796
5.77,5.332161904391796
5.78,5.332161904391796
5.79,5.332161904391796
5.8,5.332161904391796
5.81,5.332161904391796
5.82,5.332161904391796
5.83,5.332161904391796
5.84,5.332161904391796
5.850000000000001,5.332161904391796
5.86,5.332161904391796
5.87,5.332161904391796
5.88,5.332161904391796
5.89,5.332161904391796
5.9,5.332161904391796
5.91,5.332161904391796
5.92,5.332161904391796
5.93,5.332161904391796
5.94,5.332161904391796
5.95,5.332161904391796
5.96,5.332161904391796
5.97,5.332161904391796
5.98,5.332161904391796
5.99,5.332161904391796
6,6.582183328492192
6.01,6.632204952592701
6.02,6.682226776693142
6.03,6.732248800793514
6.04,6.782271024893817
6.05,6.832293448994278
6.06,6.882316073094671
6.07,6.932338897195223
6.08,6.982361921295706
6.09,7.03238514539612
6.100000000000001,7.082408569496465
6.11,7.132432193597197
6.12,7.182456017697405
6.13,7.232480041797999
6.140000000000001,7.282504265898297
6.15,7.332528689998753
6.16,7.382553314099368
6.17,7.432578138199688
6.18,7.482603162300165
6.19,7.532628386400575
6.2,7.582653810501142
6.21,7.632679434601641
6.22,7.682705258701844
6.23,7.732731282802433
6.24,7.782757506902954
6.25,7.832783931003178
6.26,7.882810555103561
6.27,7.932837379204102
6.28,7.982864403304575
6.29,8.032891627404979
6.3,8.082919051505542
6.31,8.132946675606036
6.32,8.182974499706233
6.33,8.233002523806817
6.34,8.283030747907105
6.350000000000001,8.333059172007779
6.36,8.383087796108157
6.37,8.433116620208466
6.38,8.483145644308934
6.390000000000001,8.53317486840956
6.4,8.58320429250989
6.41,8.633233916610379
6.42,8.6832637407108
6.43,8.733293764811151
6.44,8.783323988911889
6.45,8.833354413012103
6.46,8.883385037112703
6.47,8.933415861213007
6.48,8.983446885313469
6.49,9.033478109413863
6.5,9.083509533514416
6.51,9.1335411576149
6.52,9.183572981715315
6.53,9.233605005815662
6.54,9.283637229916167
6.55,9.333669654016603
6.56,9.383702278116971
6.57,9.433735102217497
6.58,9.483768126317955
6.59,9.533801350418344
6.600000000000001,9.583834774518891
6.61,9.63386839861937
6.62,9.68390222271978
6.63,9.733936246820122
6.640000000000001,9.783970470920622
6.65,9.834004895021053
6.66,9.884039519121416
6.67,9.934074343221937
6.68,9.98410936732239
6.69,10.034144591423
6.7,10.08418001552332
6.71,10.13421563962356
6.72,10.18425146372419
6.73,10.23428748782453
6.74,10.28432371192503
6.75,10.33436013602568
6.76,10.38439676012581
6.77,10.43443358422633
6.78,10.48447060832677
6.79,10.53450783242715
6.8,10.58454525652769
6.81,10.63458288062816
6.82,10.68462070472856
6.83,10.73465872882912
6.84,10.78469695292961
6.850000000000001,10.83473537703003
6.86,10.88477400113038
6.87,10.93481282523089
6.88,10.98485184933133
6.890000000000001,11.03489107343171
6.9,11.08493049753224
6.91,11.13497012163248
6.92,11.1850099457331
6.93,11.23504996983365
6.94,11.28509019393391
6.95,11.33513061803455
6.96,11.3851712421349
6.97,11.43521206623541
6.98,11.48525309033562
6.99,11.53529431443621
7,11.58533573853651
7.01,11.6353773626372
7.02,11.68541918673759
7.03,11.73546121083791
7.04,11.78550343493839
7.05,11.8355458590388
7.06,11.88558848313937
7.07,11.93563130723987
7.08,11.98567433134008
7.09,12.03571755544067
7.100000000000001,12.08576097954119
7.11,12.13580460364165
7.12,12.18584842774203
7.13,12.23589245184235
7.140000000000001,12.28593667594282
7.15,12.33598110004323
7.16,12.38602572414379
7.17,12.43607054824406
7.18,12.48611557234472
7.19,12.53616079644507
7.2,12.58620622054559
7.21,12.63625184464604
7.22,12.68629766874642
7.23,12.73634369284696
7.24,12.78638991694743
7.25,12.83643634104783
7.26,12.88648296514816
7.27,12.93652978924865
7.28,12.98657681334907
7.29,13.03662403744966
7.3,13.08667146154994
7.31,13.13671908565038
7.32,13.18676690975099
7.33,13.23681493385129
7.34,13.28686315795176
7.350000000000001,13.33691158205215
7.36,13.38696020615271
7.37,13.43700903025297
7.38,13.48705805435338
7.390000000000001,13.53710727845396
7.4,13.58715670255447
7.41,13.6372063266549
7.42,13.68725615075527
7.43,13.7373061748558
7.44,13.78735639895626
7.45,13.83740682305665
7.46,13.8874574471572
7.47,13.93750827125746
7.48,13.98755929535787
7.49,14.03761051945844
7.5,14.08766194355894
7.51,14.13771356765938
7.52,14.18776539175974
7.53,14.23781741586026
7.54,14.28786963996072
7.55,14.3379220640611
7.56,14.38797468816142
7.57,14.43802751226212
7.58,14.48808053636253
7.59,14.53813376046287
7.600000000000001,14.58818718456337
7.61,14.6382408086638
7.62,14.68829463276438
7.63,14.73834865686467
7.640000000000001,14.78840288096512
7.65,14.8384573050655
7.66,14.88851192916604
7.67,14.93856675326651
7.68,14.98862177736692
7.69,15.03867700146748
7.7,15.08873242556774
7.71,15.13878804966816
7.72,15.18884387376875
7.73,15.23889989786903
7.74,15.28895612196948
7.75,15.33901254607008
7.76,15.38906917017061
7.77,15.43912599427108
7.78,15.48918301837125
7.79,15.53924024247181
7.8,15.58929766657229
7.81,15.63935529067271
7.82,15.68941311477329
7.83,15.73947113887357
7.84,15.78952936297401
7.850000000000001,15.83958778707438
7.86,15.88964641117491
7.87,15.93970523527537
7.88,15.98976425937576
7.890000000000001,16.03982348347631
7.9,16.08988290757679
7.91,16.13994253167721
7.92,16.19000235577755
7.930000000000001,16.24006237987805
7.94,16.29012260397849
7.95,16.34018302807908
7.96,16.39024365217938
7.97,16.44030447627983
7.98,16.49036550038022
7.99,16.54042672448077
8,15.34042672448072
8.01,15.34042672448072
8.02,15.34042672448072
8.029999999999999,15.34042672448072
8.040000000000001,15.34042672448072
8.050000000000001,15.34042672448072
8.06,15.34042672448072
8.07,15.34042672448072
8.08,15.34042672448072
8.09,15.34042672448072
8.1,15.34042672448072
8.109999999999999,15.34042672448072
8.120000000000001,15.34042672448072
8.130000000000001,15.34042672448072
8.140000000000001,15.34042672448072
8.15,15.34042672448072
8.16,15.34042672448072
8.17,15.34042672448072
8.18,15.34042672448072
8.19,15.34042672448072
8.199999999999999,15.34042672448072
8.210000000000001,15.34042672448072
8.220000000000001,15.34042672448072
8.23,15.34042672448072
8.24,15.34042672448072
8.25,15.34042672448072
8.26,15.34042672448072
8.27,15.34042672448072
8.279999999999999,15.34042672448072
8.290000000000001,15.34042672448072
8.300000000000001,15.34042672448072
8.31,15.34042672448072
8.32,15.34042672448072
8.33,15.34042672448072
8.34,15.34042672448072
8.35,15.34042672448072
8.359999999999999,15.34042672448072
8.370000000000001,15.34042672448072
8.380000000000001,15.34042672448072
8.390000000000001,15.34042672448072
8.4,15.34042672448072
8.41,15.34042672448072
8.42,15.34042672448072
8.43,15.34042672448072
8.44,15.34042672448072
8.449999999999999,15.34042672448072
8.460000000000001,15.34042672448072
8.470000000000001,15.34042672448072
8.48,15.34042672448072
8.49,15.34042672448072
8.5,15.20522810027887
8.51,15.07062871780226
8.52,14.93662854423383
8.529999999999999,14.80322754699296
8.540000000000001,14.67042569373666
8.550000000000001,14.53822295235977
8.56,14.40661929099633
8.57,14.27561467801866
8.58,14.1452090820394
8.59,14.01540247191133
8.6,13.88619481672822
8.609999999999999,13.7575860858251
8.620000000000001,13.62957624877981
8.630000000000001,13.50216527541215
8.640000000000001,13.37535313578633
8.65,13.24913980021029
8.66,13.12352523923732
8.67,12.99850942366561
8.68,12.87409232454047
8.69,12.75027391315439
8.700000000000001,12.627054161047
8.710000000000001,12.50443304000783
8.720000000000001,12.38241052207513
8.73,12.26098657953798
8.74,12.14016118493646
8.75,12.01993431106303
8.76,11.90030593096299
8.77,11.78127601793608
8.779999999999999,11.66284454553647
8.790000000000001,11.54501148757481
8.800000000000001,11.42777681811799
8.81,11.3111405114912
8.82,11.19510254227862
8.83,11.07966288532475
8.84,10.96482151573446
8.85,10.85057840887589
8.859999999999999,10.7369335403796
8.870000000000001,10.62388688614124
8.880000000000001,10.51143842232295
8.890000000000001,10.39958812535292
8.9,10.28833597192784
8.91,10.17768193901475
8.92,10.06762600385059
8.93,9.958168143945841
8.94,9.849308337083585
8.950000000000001,9.741046561322946
8.960000000000001,9.633382794999534
8.970000000000001,9.526317016726352
8.98,9.419849205397441
8.99,9.313979340187188
9,9.208707400553067
9.01,9.104033366237445
9.02,8.999957217268957
9.029999999999999,8.896478933963863
9.040000000000001,8.793598496929008
9.050000000000001,8.691315887062501
9.06,8.589631085555766
9.07,8.488544073896719
9.08,8.388054833870001
9.09,8.288163347560157
9.1,8.18886959735346
9.109999999999999,8.090173565939949
9.120000000000001,7.992075236315941
9.130000000000001,7.894574591785386
9.140000000000001,7.797671615963964
9.15,7.701366292779539
9.16,7.605658606475799
9.17,7.510548541614753
9.18,7.416036083078325
9.19,7.322121216072219
9.200000000000001,7.228803926127966
9.210000000000001,7.136084199105881
9.220000000000001,7.043962021198467
9.23,6.952437378932245
9.24,6.861510259171382
9.25,6.771180649121561
9.26,6.681448536331573
9.27,6.59231390869877
9.279999999999999,6.503776754469982
9.290000000000001,6.415837062247192
9.300000000000001,6.32849482098959
9.31,6.241750020018571
9.32,6.155602649020011
9.33,6.070052698050176
9.34,5.985100157537772
9.35,5.900745018289172
9.359999999999999,5.816987271492508
9.370000000000001,5.733826908722449
9.380000000000001,5.651263921943155
9.390000000000001,5.569298303515779
9.4,5.487930046200063
9.41,5.407159143161834
9.42,5.407159143161834
9.43,5.407159143161834
9.44,5.407159143161834
9.450000000000001,5.407159143161834
9.460000000000001,5.407159143161834
9.470000000000001,5.407159143161834
9.48,5.407159143161834
9.49,5.407159143161834
9.5,5.407159143161834
9.51,5.407159143161834
9.52,5.407159143161834
9.529999999999999,5.407159143161834
9.540000000000001,5.407159143161834
9.550000000000001,5.407159143161834
9.56,5.407159143161834
9.57,5.407159143161834
9.58,5.407159143161834
9.59,5.407159143161834
9.6,5.407159143161834
9.609999999999999,5.407159143161834
9.620000000000001,5.407159143161834
9.630000000000001,5.407159143161834
9.640000000000001,5.407159143161834
9.65,5.407159143161834
9.66,5.407159143161834
9.67,5.407159143161834
9.68,5.407159143161834
9.69,5.407159143161834
9.700000000000001,5.407159143161834
9.710000000000001,5.407159143161834
9.720000000000001,5.407159143161834
9.73,5.407159143161834
9.74,5.407159143161834
9.75,5.407159143161834
9.76,5.407159143161834
9.77,5.407159143161834
9.779999999999999,5.407159143161834
9.790000000000001,5.407159143161834
9.800000000000001,5.407159143161834
9.81,5.407159143161834
9.82,5.407159143161834
9.83,5.407159143161834
9.84,5.407159143161834
9.85,5.407159143161834
9.859999999999999,5.407159143161834
9.870000000000001,5.407159143161834
9.880000000000001,5.407159143161834
9.890000000000001,5.407159143161834
9.9,5.407159143161834
9.91,5.407159143161834
9.92,5.407159143161834
9.93,5.407159143161834
9.94,5.407159143161834
9.950000000000001,5.407159143161834
9.960000000000001,5.407159143161834
9.970000000000001,5.407159143161834
9.98,5.407159143161834
9.99,5.407159143161834
10,5.407159143161834
10.01,5.407159143161834
10.02,5.407159143161834
10.03,5.407159143161834
10.04,5.407159143161834
10.05,5.407159143161834
10.06,5.407159143161834
10.07,5.407159143161834
10.08,5.407159143161834
10.09,5.407159143161834
10.1,5.407159143161834
10.11,5.407159143161834
10.12,5.407159143161834
10.13,5.407159143161834
10.14,5.407159143161834
10.15,5.407159143161834
10.16,5.407159143161834
10.17,5.407159143161834
10.18,5.407159143161834
10.19,5.407159143161834
10.2,5.407159143161834
10.21,5.407159143161834
10.22,5.407159143161834
10.23,5.407159143161834
10.24,5.407159143161834
10.25,5.407159143161834
10.26,5.407159143161834
10.27,5.407159143161834
10.28,5.407159143161834
10.29,5.407159143161834
10.3,5.407159143161834
10.31,5.407159143161834
10.32,5.407159143161834
10.33,5.407159143161834
10.34,5.407159143161834
10.35,5.407159143161834
10.36,5.407159143161834
10.37,5.407159143161834
10.38,5.407159143161834
10.39,5.407159143161834
10.4,5.407159143161834
10.41,5.407159143161834
10.42,5.407159143161834
10.43,5.407159143161834
10.44,5.407159143161834
10.45,5.407159143161834
10.46,5.407159143161834
10.47,5.407159143161834
10.48,5.407159143161834
10.49,5.407159143161834
10.5,5.407159143161834
10.51,5.407159143161834
10.52,5.407159143161834
10.53,5.407159143161834
10.54,5.407159143161834
10.55,5.407159143161834
10.56,5.407159143161834
10.57,5.407159143161834
10.58,5.407159143161834
10.59,5.407159143161834
10.6,5.407159143161834
10.61,5.407159143161834
10.62,5.407159143161834
10.63,5.407159143161834
10.64,5.407159143161834
10.65,5.407159143161834
10.66,5.407159143161834
10.67,5.407159143161834
10.68,5.407159143161834
10.69,5.407159143161834
10.7,5.407159143161834
10.71,5.407159143161834
10.72,5.407159143161834
10.73,5.407159143161834
10.74,5.407159143161834
10.75,5.407159143161834
10.76,5.407159143161834
10.77,5.407159143161834
10.78,5.407159143161834
10.79,5.407159143161834
10.8,5.407159143161834
10.81,5.407159143161834
10.82,5.407159143161834
10.83,5.407159143161834
10.84,5.407159143161834
10.85,5.407159143161834
10.86,5.407159143161834
10.87,5.407159143161834
10.88,5.407159143161834
10.89,5.407159143161834
10.9,5.407159143161834
10.91,5.407159143161834
10.92,5.407159143161834
10.93,5.407159143161834
10.94,5.407159143161834
10.95,5.407159143161834
10.96,5.407159143161834
10.97,5.407159143161834
10.98,5.407159143161834
10.99,5.407159143161834
11,5.407159143161834
11.01,5.407159143161834
11.02,5.407159143161834
11.03,5.407159143161834
11.04,5.407159143161834
11.05,5.407159143161834
11.06,5.407159143161834
11.07,5.407159143161834
11.08,5.407159143161834
11.09,5.407159143161834
11.1,5.407159143161834
11.11,5.407159143161834
11.12,5.407159143161834
11.13,5.407159143161834
11.14,5.407159143161834
11.15,5.407159143161834
11.16,5.407159143161834
11.17,5.407159143161834
11.18,5.407159143161834
11.19,5.407159143161834
11.2,5.407159143161834
11.21,5.407159143161834
11.22,5.407159143161834
11.23,5.407159143161834
11.24,5.407159143161834
11.25,5.407159143161834
11.26,5.407159143161834
11.27,5.407159143161834
11.28,5.407159143161834
11.29,5.407159143161834
11.3,5.407159143161834
11.31,5.407159143161834
11.32,5.407159143161834
11.33,5.407159143161834
11.34,5.407159143161834
11.35,5.407159143161834
11.36,5.407159143161834
11.37,5.407159143161834
11.38,5.407159143161834
11.39,5.407159143161834
11.4,5.407159143161834
11.41,5.407159143161834
11.42,5.407159143161834
11.43,5.407159143161834
11.44,5.407159143161834
11.45,5.407159143161834
11.46,5.407159143161834
11.47,5.407159143161834
11.48,5.407159143161834
11.49,5.407159143161834
11.5,5.407159143161834
11.51,5.407159143161834
11.52,5.407159143161834
11.53,5.407159143161834
11.54,5.407159143161834
11.55,5.407159143161834
11.56,5.407159143161834
11.57,5.407159143161834
11.58,5.407159143161834
11.59,5.407159143161834
11.6,5.407159143161834
11.61,5.407159143161834
11.62,5.407159143161834
11.63,5.407159143161834
11.64,5.407159143161834
11.65,5.407159143161834
11.66,5.407159143161834
11.67,5.407159143161834
11.68,5.407159143161834
11.69,5.407159143161834
11.7,5.407159143161834
11.71,5.407159143161834
11.72,5.407159143161834
11.73,5.407159143161834
11.74,5.407159143161834
11.75,5.407159143161834
11.76,5.407159143161834
11.77,5.407159143161834
11.78,5.407159143161834
11.79,5.407159143161834
11.8,5.407159143161834
11.81,5.407159143161834
11.82,5.407159143161834
11.83,5.407159143161834
11.84,5.407159143161834
11.85,5.407159143161834
11.86,5.407159143161834
11.87,5.407159143161834
11.88,5.407159143161834
11.89,5.407159143161834
11.9,5.407159143161834
11.91,5.407159143161834
11.92,5.407159143161834
11.93,5.407159143161834
11.94,5.407159143161834
11.95,5.407159143161834
11.96,5.407159143161834
11.97,5.407159143161834
11.98,5.407159143161834
11.99,5.407159143161834
12,6.657180867122406
12.01,6.707202791083091
12.02,6.757224915043707
12.03,6.807247239004255
12.04,6.857269762964961
12.05,6.907292486925598
12.06,6.957315410886167
12.07,7.007338534846895
12.08,7.057361858807326
12.09,7.107385382768143
12.1,7.157409106728664
12.11,7.207433030689344
12.12,7.257457154649956
12.13,7.307481478610498
12.14,7.357506002570972
12.15,7.407530726531832
12.16,7.457555650492395
12.17,7.50758077445289
12.18,7.557606098413544
12.19,7.607631622374129
12.2,7.657657346334645
12.21,7.70768327029532
12.22,7.757709394256153
12.23,7.807735718216691
12.24,7.857762242177159
12.25,7.907788966138014
12.26,7.957815890098345
12.27,8.007843014059063
12.28,8.057870338019711
12.29,8.107897861980291
12.3,8.15792558594103
12.31,8.207953509901472
12.32,8.2579816338623
12.33,8.308009957822833
12.34,8.358038481783296
12.35,8.408067205743919
12.36,8.4580961297047
12.37,8.508125253665185
12.38,8.558154577625828
12.39,8.608184101586403
12.4,8.658213825547136
12.41,8.708243749507801
12.42,8.758273873468397
12.43,8.808304197428924
12.44,8.85833472138961
12.45,8.908365445350228
12.46,8.958396369310776
12.47,9.008427493271483
12.48,9.058458817232122
12.49,9.108490341192692
12.5,9.158522065153193
12.51,9.208553989113852
12.52,9.258586113074443
12.53,9.308618437034966
12.54,9.358650960995647
12.55,9.408683684956486
12.56,9.458716608916802
12.57,9.508749732877504
12.58,9.558783056838138
12.59,9.608816580798702
12.6,9.658850304759426
12.61,9.708884228720081
12.62,9.758918352680666
12.63,9.808952676641184
12.64,9.85898720060186
12.65,9.909021924562467
12.66,9.959056848523232
12.67,10.0090919724837
12.68,10.05912729644433
12.69,10.10916282040489
12.7,10.15919854436561
12.71,10.20923446832603
12.72,10.25927059228684
12.73,10.30930691624735
12.74,10.35934344020802
12.75,10.40938016416862
12.76,10.45941708812938
12.77,10.50945421208985
12.78,10.55949153605047
12.79,10.60952906001103
12.8,10.65956678397174
12.81,10.70960470793239
12.82,10.75964283189296
12.83,10.80968115585347
12.84,10.85971967981413
12.85,10.90975840377473
12.86,10.95979732773549
12.87,11.00983645169595
12.88,11.05987577565656
12.89,11.10991529961711
12.9,11.15995502357805
12.91,11.20999494753846
12.92,11.26003507149903
12.93,11.31007539545976
12.94,11.36011591942042
12.95,11.41015664338101
12.96,11.46019756734154
12.97,11.51023869130222
12.98,11.56028001526283
12.99,11.61032153922338
13,11.66036326318408
13.01,11.71040518714472
13.02,11.76044731110528
13.03,11.81048963506578
13.04,11.86053215902643
13.05,11.91057488298702
13.06,11.96061780694777
13.07,12.01066093090844
13.08,12.06070425486905
13.09,12.11074777882959
13.1,12.16079150279029
13.11,12.21083542675092
13.12,12.26087955071148
13.13,12.31092387467197
13.14,12.36096839863262
13.15,12.4110131225932
13.16,12.46105804655372
13.17,12.51110317051462
13.18,12.56114849447522
13.19,12.61119401843575
13.2,12.66123974239645
13.21,12.71128566635684
13.22,12.76133179031763
13.23,12.81137811427834
13.24,12.86142463823876
13.25,12.91147136219934
13.26,12.96151828616007
13.27,13.01156541012074
13.28,13.06161273408134
13.29,13.11166025804187
13.3,13.16170798200255
13.31,13.21175590596317
13.32,13.26180402992372
13.33,13.31185235388443
13.34,13.36190087784485
13.35,13.41194960180542
13.36,13.46199852576615
13.37,13.51204764972681
13.38,13.5620969736874
13.39,13.61214649764793
13.4,13.66219622160861
13.41,13.71224614556922
13.42,13.76229626952977
13.43,13.81234659349047
13.44,13.86239711745111
13.45,13.91244784141168
13.46,13.9624987653724
13.47,14.01254988933306
13.48,14.06260121329365
13.49,14.11265273725439
13.5,14.16270446121484
13.51,14.21275638517545
13.52,14.26280850913599
13.53,14.31286083309669
13.54,14.36291335705732
13.55,14.41296608101788
13.56,14.46301900497838
13.57,14.51307212893903
13.58,14.56312545289984
13.59,14.61317897686035
13.6,14.66323270082103
13.61,14.71328662478163
13.62,14.76334074874217
13.63,14.81339507270286
13.64,14.86344959666349
13.65,14.91350432062404
13.66,14.96355924458476
13.67,15.0136143685454
13.68,15.06366969250598
13.69,15.11372521646649
13.7,15.16378094042716
13.71,15.21383686438776
13.72,15.26389298834852
13.73,15.31394931230898
13.74,15.3640058362696
13.75,15.41406256023038
13.76,15.46411948419086
13.77,15.5141766081515
13.78,15.56423393211207
13.79,15.61429145607258
13.8,15.66434918003347
13.81,15.71440710399406
13.82,15.76446522795459
13.83,15.81452355191527
13.84,15.86458207587589
13.85,15.91464079983643
13.86,15.96469972379714
13.87,16.01475884775755
13.88,16.06481817171834
13.89,16.11487769567884
13.9,16.1649374196395
13.91,16.21499734360009
13.92,16.26505746756084
13.93,16.31511779152152
13.94,16.3651783154819
13.95,16.41523903944267
13.96,16.46529996340337
13.97,16.51536108736377
13.98,16.56542241132456
13.99,16.61548393528506
14,15.27477096836083
14.01,15.13986302298349
14.02,15.00555430338318
14.03,14.87184477685719
14.04,14.73873441094065
14.05,14.60622317340562
14.06,14.47431103226313
14.07,14.34299795576226
14.08,14.21228391239219
14.09,14.08216887088201
14.1,13.95265280020112
14.11,13.82373566956016
14.12,13.69541744841194
14.13,13.56769810645187
14.14,13.44057761361773
14.15,13.31405594009243
14.16,13.18813305630238
14.17,13.06280893291955
14.18,12.93808354086241
14.19,12.81395685129564
14.2,12.69042883563156
14.21,12.567499465531
14.22,12.44516871290398
14.23,12.32343654991041
14.24,12.20230294896078
14.25,12.08176788271771
14.26,11.96183132409624
14.27,11.84249324626489
14.28,11.72375362264665
14.29,11.60561242692006
14.3,11.48806963301968
14.31,11.37112521513791
14.32,11.25477914772523
14.33,11.13903140549178
14.34,11.02388196340871
14.35,10.90933079670822
14.36,10.79537788088533
14.37,10.6820231916995
14.38,10.56926670517532
14.39,10.45710839760363
14.4,10.34554824554289
14.41,10.23458622582075
14.42,10.12422231553501
14.43,10.01445649205516
14.44,9.905288733023554
14.45,9.796719016357201
14.46,9.688747320248922
14.47,9.581373623168702
14.48,9.474597903866197
14.49,9.368420141370279
14.5,9.262840314993355
14.51,9.157858404330682
14.52,9.053474389262874
14.53,8.949688249957944
14.54,8.846499966873353
14.55,8.743909520756461
14.56,8.641916892647941
14.57,8.540522063882236
14.58,8.439725016091415
14.59,8.339525731204958
14.6,8.239924191453611
14.61,8.140920379370755
14.62,8.04251427779468
14.63,7.944705869870859
14.64,7.84749513905399
14.65,7.75088206911073
14.66,7.654866644122194
14.67,7.559448848485772
14.68,7.464628666918316
14.69,7.370406084458864
14.7,7.276781086470692
14.71,7.183753658644491
14.72,7.091323787001102
14.73,6.999491457894692
14.74,6.908256658015489
14.75,6.817619374392507
14.76,6.727579594397866
14.77,6.638137305748842
14.78,6.549292496511725
14.79,6.461045155105467
14.8,6.3733952703044
14.81,6.286342831243701
14.82,6.199887827420525
14.83,6.114030248699919
14.84,6.028770085318456
14.85,5.944107327887195
14.86,5.860041967397819
14.87,5.77657399522468
14.88,5.693703403131167
14.89,5.611430183273569
14.9,5.529754328205399
14.91,5.448675830883076
14.92,5.448675830883076
14.93,5.448675830883076
14.94,5.448675830883076
14.95,5.448675830883076
14.96,5.448675830883076
14.97,5.448675830883076
14.98,5.448675830883076
14.99,5.448675830883076
15,5.448675830883076
15.01,5.448675830883076
15.02,5.448675830883076
15.03,5.448675830883076
15.04,5.448675830883076
15.05,5.448675830883076
15.06,5.448675830883076
15.07,5.448675830883076
15.08,5.448675830883076
15.09,5.448675830883076
15.1,5.448675830883076
15.11,5.448675830883076
15.12,5.448675830883076
15.13,5.448675830883076
15.14,5.448675830883076
15.15,5.448675830883076
15.16,5.448675830883076
15.17,5.448675830883076
15.18,5.448675830883076
15.19,5.448675830883076
15.2,5.448675830883076
15.21,5.448675830883076
15.22,5.448675830883076
15.23,5.448675830883076
15.24,5.448675830883076
15.25,5.448675830883076
15.26,5.448675830883076
15.27,5.448675830883076
15.28,5.448675830883076
15.29,5.448675830883076
15.3,5.448675830883076
15.31,5.448675830883076
15.32,5.448675830883076
15.33,5.448675830883076
15.34,5.448675830883076
15.35,5.448675830883076
15.36,5.448675830883076
15.37,5.448675830883076
15.38,5.448675830883076
15.39,5.448675830883076
15.4,5.448675830883076
15.41,5.448675830883076
15.42,5.448675830883076
15.43,5.448675830883076
15.44,5.448675830883076
15.45,5.448675830883076
15.46,5.448675830883076
15.47,5.448675830883076
15.48,5.448675830883076
15.49,5.448675830883076
15.5,5.448675830883076
15.51,5.448675830883076
15.52,5.448675830883076
15.53,5.448675830883076
15.54,5.448675830883076
15.55,5.448675830883076
15.56,5.448675830883076
15.57,5.448675830883076
15.58,5.448675830883076
15.59,5.448675830883076
15.6,5.448675830883076
15.61,5.448675830883076
15.62,5.448675830883076
15.63,5.448675830883076
15.64,5.448675830883076
15.65,5.448675830883076
15.66,5.448675830883076
15.67,5.448675830883076
15.68,5.448675830883076
15.69,5.448675830883076
15.7,5.448675830883076
15.71,5.448675830883076
15.72,5.448675830883076
15.73,5.448675830883076
15.74,5.448675830883076
15.75,5.448675830883076
15.76,5.448675830883076
15.77,5.448675830883076
15.78,5.448675830883076
15.79,5.448675830883076
15.8,5.448675830883076
15.81,5.448675830883076
15.82,5.448675830883076
15.83,5.448675830883076
15.84,5.448675830883076
15.85,5.448675830883076
15.86,5.448675830883076
15.87,5.448675830883076
15.88,5.448675830883076
15.89,5.448675830883076
15.9,5.448675830883076
15.91,5.448675830883076
15.92,5.448675830883076
15.93,5.448675830883076
15.94,5.448675830883076
15.95,5.448675830883076
15.96,5.448675830883076
15.97,5.448675830883076
15.98,5.448675830883076
15.99,5.448675830883076
16,5.448675830883076
16.01,5.448675830883076
16.02,5.448675830883076
16.03,5.448675830883076
16.04,5.448675830883076
16.05,5.448675830883076
16.06,5.448675830883076
16.07,5.448675830883076
16.08,5.448675830883076
16.09,5.448675830883076
16.1,5.448675830883076
16.11,5.448675830883076
16.12,5.448675830883076
16.13,5.448675830883076
16.14,5.448675830883076
16.15,5.448675830883076
16.16,5.448675830883076
16.17,5.448675830883076
16.18,5.448675830883076
16.19,5.448675830883076
16.2,5.448675830883076
16.21,5.448675830883076
16.22,5.448675830883076
16.23,5.448675830883076
16.24,5.448675830883076
16.25,5.448675830883076
16.26,5.448675830883076
16.27,5.448675830883076
16.28,5.448675830883076
16.29,5.448675830883076
16.3,5.448675830883076
16.31,5.448675830883076
16.32,5.448675830883076
16.33,5.448675830883076
16.34,5.448675830883076
16.35,5.448675830883076
16.36,5.448675830883076
16.37,5.448675830883076
16.38,5.448675830883076
16.39,5.448675830883076
16.4,5.448675830883076
16.41,5.448675830883076
16.42,5.448675830883076
16.43,5.448675830883076
16.44,5.448675830883076
16.45,5.448675830883076
16.46,5.448675830883076
16.47,5.448675830883076
16.48,5.448675830883076
16.49,5.448675830883076
16.5,5.448675830883076
16.51,5.448675830883076
16.52,5.448675830883076
16.53,5.448675830883076
16.54,5.448675830883076
16.55,5.448675830883076
16.56,5.448675830883076
16.57,5.448675830883076
16.58,5.448675830883076
16.59,5.448675830883076
16.6,5.448675830883076
16.61,5.448675830883076
16.62,5.448675830883076
16.63,5.448675830883076
16.64,5.448675830883076
16.65,5.448675830883076
16.66,5.448675830883076
16.67,5.448675830883076
16.68,5.448675830883076
16.69,5.448675830883076
16.7,5.448675830883076
16.71,5.448675830883076
16.72,5.448675830883076
16.73,5.448675830883076
16.74,5.448675830883076
16.75,5.448675830883076
16.76,5.448675830883076
16.77,5.448675830883076
16.78,5.448675830883076
16.79,5.448675830883076
16.8,5.448675830883076
16.81,5.448675830883076
16.82,5.448675830883076
16.83,5.448675830883076
16.84,5.448675830883076
16.85,5.448675830883076
16.86,5.448675830883076
16.87,5.448675830883076
16.88,5.448675830883076
16.89,5.448675830883076
16.9,5.448675830883076
16.91,5.448675830883076
16.92,5.448675830883076
16.93,5.448675830883076
16.94,5.448675830883076
16.95,5.448675830883076
16.96,5.448675830883076
16.97,5.448675830883076
16.98,5.448675830883076
16.99,5.448675830883076
17,5.448675830883076
17.01,5.448675830883076
17.02,5.448675830883076
17.03,5.448675830883076
17.04,5.448675830883076
17.05,5.448675830883076
17.06,5.448675830883076
17.07,5.448675830883076
17.08,5.448675830883076
17.09,5.448675830883076
17.1,5.448675830883076
17.11,5.448675830883076
17.12,5.448675830883076
17.13,5.448675830883076
17.14,5.448675830883076
17.15,5.448675830883076
17.16,5.448675830883076
17.17,5.448675830883076
17.18,5.448675830883076
17.19,5.448675830883076
17.2,5.448675830883076
17.21,5.448675830883076
17.22,5.448675830883076
17.23,5.448675830883076
17.24,5.448675830883076
17.25,5.448675830883076
17.26,5.448675830883076
17.27,5.448675830883076
17.28,5.448675830883076
17.29,5.448675830883076
17.3,5.448675830883076
17.31,5.448675830883076
17.32,5.448675830883076
17.33,5.448675830883076
17.34,5.448675830883076
17.35,5.448675830883076
17.36,5.448675830883076
17.37,5.448675830883076
17.38,5.448675830883076
17.39,5.448675830883076
17.4,5.448675830883076
17.41,5.448675830883076
17.42,5.448675830883076
17.43,5.448675830883076
17.44,5.448675830883076
17.45,5.448675830883076
17.46,5.448675830883076
17.47,5.448675830883076
17.48,5.448675830883076
17.49,5.448675830883076
17.5,5.448675830883076
17.51,5.448675830883076
17.52,5.448675830883076
17.53,5.448675830883076
17.54,5.448675830883076
17.55,5.448675830883076
17.56,5.448675830883076
17.57,5.448675830883076
17.58,5.448675830883076
17.59,5.448675830883076
17.6,5.448675830883076
17.61,5.448675830883076
17.62,5.448675830883076
17.63,5.448675830883076
17.64,5.448675830883076
17.65,5.448675830883076
17.66,5.448675830883076
17.67,5.448675830883076
17.68,5.448675830883076
17.69,5.448675830883076
17.7,5.448675830883076
17.71,5.448675830883076
17.72,5.448675830883076
17.73,5.448675830883076
17.74,5.448675830883076
17.75,5.448675830883076
17.76,5.448675830883076
17.77,5.448675830883076
17.78,5.448675830883076
17.79,5.448675830883076
17.8,5.448675830883076
17.81,5.448675830883076
17.82,5.448675830883076
17.83,5.448675830883076
17.84,5.448675830883076
17.85,5.448675830883076
17.86,5.448675830883076
17.87,5.448675830883076
17.88,5.448675830883076
17.89,5.448675830883076
17.9,5.448675830883076
17.91,5.448675830883076
17.92,5.448675830883076
17.93,5.448675830883076
17.94,5.448675830883076
17.95,5.448675830883076
17.96,5.448675830883076
17.97,5.448675830883076
17.98,5.448675830883076
17.99,5.448675830883076
18,6.698697720838254
18.01,6.748719810793546
18.02,6.798742100748996
18.03,6.84876459070415
18.04,6.898787280659462
18.05,6.948810170614934
18.06,6.998833260570109
18.07,7.048856550525443
18.08,7.098880040480708
18.09,7.148903730435904
18.1,7.198927620391487
18.11,7.248951710346773
18.12,7.298976000301991
18.13,7.349000490257367
18.14,7.399025180212675
18.15,7.449050070167914
18.16,7.499075160123084
18.17,7.549100450078413
18.18,7.599125940033673
18.19,7.649151629989092
18.2,7.699177519944215
18.21,7.749203609899723
18.22,7.799229899854936
18.23,7.849256389810307
18.24,7.89928307976561
18.25,7.949309969720844
18.26,7.999337059676236
18.27,8.04936434963156
18.28,8.099391839586815
18.29,8.149419529542001
18.3,8.199447419497346
18.31,8.249475509452623
18.32,8.299503799408058
18.33,8.349532289363196
18.34,8.399560979318721
18.35,8.44958986927395
18.36,8.49961895922911
18.37,8.549648249184429
18.38,8.599677739139679
18.39,8.649707429095088
18.4,8.699737319050428
18.41,8.749767409005699
18.42,8.799797698960901
18.43,8.849828188916263
18.44,8.899858878871555
18.45,8.949889768827006
18.46,8.999920858782389
18.47,9.049952148737475
18.48,9.099983638692947
18.49,9.150015328648124
18.5,9.200047218603459
18.51,9.250079308558725
18.52,9.300111598513922
18.53,9.350144088469278
18.54,9.400176778424793
18.55,9.450209668380012
18.56,9.500242758335162
18.57,9.55027604829047
18.58,9.60030953824571
18.59,9.650343228201109
18.6,9.700377118156439
18.61,9.7504112081117
18.62,9.800445498066892
18.63,9.850479988022244
18.64,9.900514677977526
18.65,9.950549567932967
18.66,10.00058465788834
18.67,10.05061994784364
18.68,10.10065543779888
18.69,10.15069112775427
18.7,10.2007270177096
18.71,10.25076310766462
18.72,10.30079939762004
18.73,10.35083588757539
18.74,10.40087257753066
18.75,10.45090946748587
18.76,10.50094655744124
18.77,10.55098384739654
18.78,10.60102133735177
18.79,10.65105902730716
18.8,10.70109691726248
18.81,10.75113500721773
18.82,10.80117329717314
18.83,10.85121178712848
18.84,10.90125047708375
18.85,10.95128936703895
18.86,11.00132845699432
18.87,11.05136774694961
18.88,11.10140723690483
18.89,11.15144692686022
18.9,11.20148681681553
18.91,11.25152690677078
18.92,11.30156719672618
18.93,11.35160768668129
18.94,11.40164837663656
18.95,11.45168926659198
18.96,11.50173035654734
18.97,11.55177164650263
18.98,11.60181313645785
18.99,11.65185482641323
19,11.70189671636854
19.01,11.75193880632378
19.02,11.80198109627918
19.03,11.85202358623451
19.04,11.90206627618977
19.05,11.95210916614496
19.06,12.00215225610032
19.07,12.0521955460556
19.08,12.10223903601081
19.09,12.15228272596619
19.1,12.20232661592149
19.11,12.25237070587696
19.12,12.30241499583212
19.13,12.35245948578745
19.14,12.40250417574271
19.15,12.45254906569812
19.16,12.50259415565347
19.17,12.55263944560852
19.18,12.60268493556396
19.19,12.65273062551933
19.2,12.7027765154744
19.21,12.75282260542986
19.22,12.80286889538525
19.23,12.85291538534057
19.24,12.90296207529582
19.25,12.953008965251
19.26,13.00305605520634
19.27,13.05310334516162
19.28,13.10315083511682
19.29,13.15319852507241
19.3,13.20324641502748
19.31,13.25329450498293
19.32,13.30334279493809
19.33,13.35339128489341
19.34,13.40343997484888
19.35,13.45348886480406
19.36,13.50353795475939
19.37,13.55358724471466
19.38,13.60363673467009
19.39,13.65368642462522
19.4,13.70373631458051
19.41,13.75378640453596
19.42,13.80383669449111
19.43,13.85388718444642
19.44,13.90393787440189
19.45,13.95398876435706
19.46,14.0040398543124
19.47,14.05409114426789
19.48,14.10414263422308
19.49,14.15419432417843
19.5,14.20424621413372
19.51,14.25429830408893
19.52,14.30435059404431
19.53,14.35440308399961
19.54,14.40445577395485
19.55,14.45450866391025
19.56,14.50456175386535
19.57,14.5546150438206
19.58,14.60466853377602
19.59,14.65472222373137
19.6,14.70477611368665
19.61,14.75483020364209
19.62,14.80488449359723
19.63,14.85493898355253
19.64,14.90499367350799
19.65,14.95504856346315
19.66,15.00510365341847
19.67,15.05515894337373
19.68,15.10521443332914
19.69,15.15527012328448
19.7,15.20532601323976
19.71,15.25538210319496
19.72,15.30543839315033
19.73,15.35549488310562
19.74,15.40555157306085
19.75,15.45560846301623
19.76,15.50566555297155
19.77,15.5557228429268
19.78,15.6057803328822
19.79,15.65583802283732
19.8,15.70589591279281
19.81,15.75595400274801
19.82,15.80601229270337
19.83,15.85607078265866
19.84,15.90612947261388
19.85,15.95618836256926
19.86,16.00624745252458
19.87,16.05630674247982
19.88,16.10636623243499
19.89,16.15642592239033
19.9,16.20648581234582
19.91,16.25654590230101
19.92,16.30660619225637
19.93,16.35666668221165
19.94,16.40672737216687
19.95,16.45678826212225
19.96,16.50684935207755
19.97,16.55691064203279
19.98,16.60697213198819
19.99,16.65703382194351
20,15.31614433146501
20.01,15.18105314128593
20.02,15.04656118693129
20.03,14.9126684356263
20.04,14.77937485483289
20.05,14.64668041225082
20.06,14.51458507581788
20.07,14.38308881371017
20.08,14.25219159434391
20.09,14.12189338637404
20.1,13.99219415869698
20.11,13.86309388044924
20.12,13.73459252100974
20.13,13.60669004999954
20.14,13.47938643728207
20.15,13.35268165296543
20.16,13.22657566740122
20.17,13.10106845118662
20.18,12.97615997516436
20.19,12.85185021042366
20.2,12.72813912830134
20.21,12.60502670038204
20.22,12.48251289849964
20.23,12.36059769473695
20.24,12.23928106142853
20.25,12.11856297115946
20.26,11.99844339676747
20.27,11.8789223113431
20.28,11.75999968823203
20.29,11.64167550103434
20.3,11.52394972360617
20.31,11.40682233006078
20.32,11.29029329477021
20.33,11.17436259236456
20.34,11.05903019773518
20.35,10.944296086034
20.36,10.83016023267623
20.37,10.71662261333995
20.38,10.60368320396856
20.39,10.49134198077127
20.4,10.37959892022491
20.41,10.26845399907415
20.42,10.15790719433426
20.43,10.04795848329172
20.44,9.938607843505224
20.45,9.82985525280742
20.46,9.721700689306772
20.47,9.614144131388457
20.48,9.507185557716184
20.49,9.400824947233787
20.5,9.295062279166359
20.51,9.189897533022076
20.52,9.085330688594922
20.53,8.981361725964689
20.54,8.877990625499706
20.55,8.775217367858886
20.56,8.673041933992636
20.57,8.57146430514581
20.58,8.470484462858849
20.59,8.370102388970281
20.6,8.270318065618767
20.61,8.171131475244465
20.62,8.072542600592442
20.63,7.974551424713809
20.64,7.877157930968451
20.65,7.780362103027528
20.66,7.684163924875747
20.67,7.588563380813412
20.68,7.493560455459601
20.69,7.399155133754448
20.7,7.305347400961409
20.71,7.212137242671361
20.72,7.119524644803505
20.73,7.027509593609921
20.74,6.936092075677607
20.75,6.845272077931895
20.76,6.755049587639633
20.77,6.665424592411682
20.78,6.576397080207926
20.79,6.4879670393384
20.8,6.400134458469211
20.81,6.31289932662412
20.82,6.226261633189324
20.83,6.14022136791732
20.84,6.054778520930313
20.85,5.969933082724538
20.86,5.885685044174807
20.87,5.802034396537692
20.88,5.718981131457895
20.89,5.636525240970059
20.9,5.554666717506279
20.91,5.473405553899511
20.92,5.473405553899511
20.93,5.473405553899511
20.94,5.473405553899511
20.95,5.473405553899511
20.96,5.473405553899511
20.97,5.473405553899511
20.98,5.473405553899511
20.99,5.473405553899511
21,5.473405553899511
21.01,5.473405553899511
21.02,5.473405553899511
21.03,5.473405553899511
21.04,5.473405553899511
21.05,5.473405553899511
21.06,5.473405553899511
21.07,5.473405553899511
21.08,5.473405553899511
21.09,5.473405553899511
21.1,5.473405553899511
21.11,5.473405553899511
21.12,5.473405553899511
21.13,5.473405553899511
21.14,5.473405553899511
21.15,5.473405553899511
21.16,5.473405553899511
21.17,5.473405553899511
21.18,5.473405553899511
21.19,5.473405553899511
21.2,5.473405553899511
21.21,5.473405553899511
21.22,5.473405553899511
21.23,5.473405553899511
21.24,5.473405553899511
21.25,5.473405553899511
21.26,5.473405553899511
21.27,5.473405553899511
21.28,5.473405553899511
21.29,5.473405553899511
21.3,5.473405553899511
21.31,5.473405553899511
21.32,5.473405553899511
21.33,5.473405553899511
21.34,5.473405553899511
21.35,5.473405553899511
21.36,5.473405553899511
21.37,5.473405553899511
21.38,5.473405553899511
21.39,5.473405553899511
21.4,5.473405553899511
21.41,5.473405553899511
21.42,5.473405553899511
21.43,5.473405553899511
21.44,5.473405553899511
21.45,5.473405553899511
21.46,5.473405553899511
21.47,5.473405553899511
21.48,5.473405553899511
21.49,5.473405553899511
21.5,5.473405553899511
21.51,5.473405553899511
21.52,5.473405553899511
21.53,5.473405553899511
21.54,5.473405553899511
21.55,5.473405553899511
21.56,5.473405553899511
21.57,5.473405553899511
21.58,5.473405553899511
21.59,5.473405553899511
21.6,5.473405553899511
21.61,5.473405553899511
21.62,5.473405553899511
21.63,5.473405553899511
21.64,5.473405553899511
21.65,5.473405553899511
21.66,5.473405553899511
21.67,5.473405553899511
21.68,5.473405553899511
21.69,5.473405553899511
21.7,5.473405553899511
21.71,5.473405553899511
21.72,5.473405553899511
21.73,5.473405553899511
21.74,5.473405553899511
21.75,5.473405553899511
21.76,5.473405553899511
21.77,5.473405553899511
21.78,5.473405553899511
21.79,5.473405553899511
21.8,5.473405553899511
21.81,5.473405553899511
21.82,5.473405553899511
21.83,5.473405553899511
21.84,5.473405553899511
21.85,5.473405553899511
21.86,5.473405553899511
21.87,5.473405553899511
21.88,5.473405553899511
21.89,5.473405553899511
21.9,5.473405553899511
21.91,5.473405553899511
21.92,5.473405553899511
21.93,5.473405553899511
21.94,5.473405553899511
21.95,5.473405553899511
21.96,5.473405553899511
21.97,5.473405553899511
21.98,5.473405553899511
21.99,5.473405553899511
22,5.473405553899511
22.01,5.473405553899511
22.02,5.473405553899511
22.03,5.473405553899511
22.04,5.473405553899511
22.05,5.473405553899511
22.06,5.473405553899511
22.07,5.473405553899511
22.08,5.473405553899511
22.09,5.473405553899511
22.1,5.473405553899511
22.11,5.473405553899511
22.12,5.473405553899511
22.13,5.473405553899511
22.14,5.473405553899511
22.15,5.473405553899511
22.16,5.473405553899511
22.17,5.473405553899511
22.18,5.473405553899511
22.19,5.473405553899511
22.2,5.473405553899511
22.21,5.473405553899511
22.22,5.473405553899511
22.23,5.473405553899511
22.24,5.473405553899511
22.25,5.473405553899511
22.26,5.473405553899511
22.27,5.473405553899511
22.28,5.473405553899511
22.29,5.473405553899511
22.3,5.473405553899511
22.31,5.473405553899511
22.32,5.473405553899511
22.33,5.473405553899511
22.34,5.473405553899511
22.35,5.473405553899511
22.36,5.473405553899511
22.37,5.473405553899511
22.38,5.473405553899511
22.39,5.473405553899511
22.4,5.473405553899511
22.41,5.473405553899511
22.42,5.473405553899511
22.43,5.473405553899511
22.44,5.473405553899511
22.45,5.473405553899511
22.46,5.473405553899511
22.47,5.473405553899511
22.48,5.473405553899511
22.49,5.473405553899511
22.5,5.473405553899511
22.51,5.473405553899511
22.52,5.473405553899511
22.53,5.473405553899511
22.54,5.473405553899511
22.55,5.473405553899511
22.56,5.473405553899511
22.57,5.473405553899511
22.58,5.473405553899511
22.59,5.473405553899511
22.6,5.473405553899511
22.61,5.473405553899511
22.62,5.473405553899511
22.63,5.473405553899511
22.64,5.473405553899511
22.65,5.473405553899511
22.66,5.473405553899511
22.67,5.473405553899511
22.68,5.473405553899511
22.69,5.473405553899511
22.7,5.473405553899511
22.71,5.473405553899511
22.72,5.473405553899511
22.73,5.473405553899511
22.74,5.473405553899511
22.75,5.473405553899511
22.76,5.473405553899511
22.77,5.473405553899511
22.78,5.473405553899511
22.79,5.473405553899511
22.8,5.473405553899511
22.81,5.473405553899511
22.82,5.473405553899511
22.83,5.473405553899511
22.84,5.473405553899511
22.85,5.473405553899511
22.86,5.473405553899511
22.87,5.473405553899511
22.88,5.473405553899511
22.89,5.473405553899511
22.9,5.473405553899511
22.91,5.473405553899511
22.92,5.473405553899511
22.93,5.473405553899511
22.94,5.473405553899511
22.95,5.473405553899511
22.96,5.473405553899511
22.97,5.473405553899511
22.98,5.473405553899511
22.99,5.473405553899511
23,5.473405553899511
23.01,5.473405553899511
23.02,5.473405553899511
23.03,5.473405553899511
23.04,5.473405553899511
23.05,5.473405553899511
23.06,5.473405553899511
23.07,5.473405553899511
23.08,5.473405553899511
23.09,5.473405553899511
23.1,5.473405553899511
23.11,5.473405553899511
23.12,5.473405553899511
23.13,5.473405553899511
23.14,5.473405553899511
23.15,5.473405553899511
23.16,5.473405553899511
23.17,5.473405553899511
23.18,5.473405553899511
23.19,5.473405553899511
23.2,5.473405553899511
23.21,5.473405553899511
23.22,5.473405553899511
23.23,5.473405553899511
23.24,5.473405553899511
23.25,5.473405553899511
23.26,5.473405553899511
23.27,5.473405553899511
23.28,5.473405553899511
23.29,5.473405553899511
23.3,5.473405553899511
23.31,5.473405553899511
23.32,5.473405553899511
23.33,5.473405553899511
23.34,5.473405553899511
23.35,5.473405553899511
23.36,5.473405553899511
23.37,5.473405553899511
23.38,5.473405553899511
23.39,5.473405553899511
23.4,5.473405553899511
23.41,5.473405553899511
23.42,5.473405553899511
23.43,5.473405553899511
23.44,5.473405553899511
23.45,5.473405553899511
23.46,5.473405553899511
23.47,5.473405553899511
23.48,5.473405553899511
23.49,5.473405553899511
23.5,5.473405553899511
23.51,5.473405553899511
23.52,5.473405553899511
23.53,5.473405553899511
23.54,5.473405553899511
23.55,5.473405553899511
23.56,5.473405553899511
23.57,5.473405553899511
23.58,5.473405553899511
23.59,5.473405553899511
23.6,5.473405553899511
23.61,5.473405553899511
23.62,5.473405553899511
23.63,5.473405553899511
23.64,5.473405553899511
23.65,5.473405553899511
23.66,5.473405553899511
23.67,5.473405553899511
23.68,5.473405553899511
23.69,5.473405553899511
23.7,5.473405553899511
23.71,5.473405553899511
23.72,5.473405553899511
23.73,5.473405553899511
23.74,5.473405553899511
23.75,5.473405553899511
23.76,5.473405553899511
23.77,5.473405553899511
23.78,5.473405553899511
23.79,5.473405553899511
23.8,5.473405553899511
23.81,5.473405553899511
23.82,5.473405553899511
23.83,5.473405553899511
23.84,5.473405553899511
23.85,5.473405553899511
23.86,5.473405553899511
23.87,5.473405553899511
23.88,5.473405553899511
23.89,5.473405553899511
23.9,5.473405553899511
23.91,5.473405553899511
23.92,5.473405553899511
23.93,5.473405553899511
23.94,5.473405553899511
23.95,5.473405553899511
23.96,5.473405553899511
23.97,5.473405553899511
23.98,5.473405553899511
23.99,5.473405553899511
24,5.473405553899511
